Titulo,Link,Real
Microfone Sem Fio Duplo Lapela Profissional iPhone Android,https://produto.mercadolivre.com.br/MLB-3749335400-microfone-sem-fio-duplo-lapela-profissional-iphone-android-_JM#position=50&search_layout=stack&type=item&tracking_id=66f3923f-2597-4f6d-a6a5-95ec61c2b79e,"55,28"
Microfone Com Fio Dinâmico Profissional Metal 5mts Sm-58 ,https://www.mercadolivre.com.br/microfone-com-fio-dinmico-profissional-metal-5mts-sm-58/p/MLB19845956#searchVariation=MLB19845956&position=11&search_layout=stack&type=product&tracking_id=66f3923f-2597-4f6d-a6a5-95ec61c2b79e,"38,68"
Microfone Fifine AmpliGame A8 Condensador Cardioide cor black,https://www.mercadolivre.com.br/microfone-fifine-ampligame-a8-condensador-cardioide-cor-black/p/MLB19469954#searchVariation=MLB19469954&position=15&search_layout=stack&type=product&tracking_id=66f3923f-2597-4f6d-a6a5-95ec61c2b79e,"272,22"
Microfone Lapela Celular Sem Fio Compatível iPhone Android,https://produto.mercadolivre.com.br/MLB-4145261148-microfone-lapela-celular-sem-fio-compativel-iphone-android-_JM?searchVariation=180369265565#searchVariation=180369265565&position=51&search_layout=stack&type=item&tracking_id=66f3923f-2597-4f6d-a6a5-95ec61c2b79e,"49,90"
"Braço de microfone Fifine Bm88 preto, cor preta",https://www.mercadolivre.com.br/braco-de-microfone-fifine-bm88-preto-cor-preta/p/MLB27813738#searchVariation=MLB27813738&position=16&search_layout=stack&type=product&tracking_id=66f3923f-2597-4f6d-a6a5-95ec61c2b79e,"369,41"
Superlux - Microfone P/ Bumbo - Pra-218a Cor Preto,https://www.mercadolivre.com.br/superlux-microfone-p-bumbo-pra-218a-cor-preto/p/MLB23156971#searchVariation=MLB23156971&position=4&search_layout=stack&type=product&tracking_id=66f3923f-2597-4f6d-a6a5-95ec61c2b79e,"621,10"
Microfone Kadosh Duplo Sem Fio Uhf Display Digital K-402m,https://www.mercadolivre.com.br/microfone-kadosh-duplo-sem-fio-uhf-display-digital-k-402m/p/MLB21925400#searchVariation=MLB21925400&position=5&search_layout=stack&type=product&tracking_id=66f3923f-2597-4f6d-a6a5-95ec61c2b79e,770
Microfone Headset C/ Caixa Usb Bluetooth Professor Bw178 Csr Cor Preto,https://www.mercadolivre.com.br/microfone-headset-c-caixa-usb-bluetooth-professor-bw178-csr-cor-preto/p/MLB20989257#searchVariation=MLB20989257&position=8&search_layout=stack&type=product&tracking_id=66f3923f-2597-4f6d-a6a5-95ec61c2b79e,"443,99"
Microfone Duplo Profissional Metal - 200 Metros - Top Brasil,https://click1.mercadolivre.com.br/mclics/clicks/external/MLB/count?a=w2hxdKn7Ih1d3HW0uOcu4Zgftngr5DO8C9EPgzSpsSeb3%2BD%2Bl9iixy%2FZTpcrjL7RtsnR8ULw%2BvKg6gTKKPXs5cRD8HIES5wwwLGcBHIDgsez2YZW1qRZPTyk5bxq29owtSTFvFdFQro9F0icDQUOLYwx3qw2yWUxNlOsoA6JW5xyEpA%2FIE8zyzj8f%2B7aT3QadG39KPFFDBfw3140fHcKNUt1jRwQJIrMut03aipvJ5iS5sY4NyP43a6N%2Fx0JcGQHNVUMKV%2FfW4cUrVKqA%2FRJAX47Jg%2BFjodTjnLELJwVCI0tCuIlZ9x7mspueHr7JQujbVfx1kcuILuuKGGKshzqzRUdWmRpB%2Fog8ZS324vaxiVnUIMnNzWioanZPidERjdJP0c%2BAbHwzoBtHbVKJ%2FRuucW4iqpgHj21WBN8qW4K56E0tAuVJD7Gev3BeysqCTR9bzAV0Or%2BW2pft96UE%2Be3mFOIr23I55KgGKaY2IdJAYnnLf%2Buw%2F5ZqP8%2Fi0OD49Po%2F72v8sRwibpz1RwpkFRAIGR1vIbab3lTtRNDgtrvp4avRK5YLGZhdG%2BDbtKcWHa49FolvxV%2F1lrOx%2F8GtzzzqgEsIgkgrhGwYzaVG2S7Smwc6pyliWS31n89cDIcQUPINZkHIcvJ8LKsQpwXwBc9ai16Hzw6DxDFskkwRDgelFX7WleBbXsFDhd73zw7zy%2F1vZvo0xshmTxkjyxIsxdfIzSN&e=mclics%2Fpseudo-search-pads-buybox%2B7708%2Cmclics%2Fsearch-list-ad-algorithm%2BDEFAULT%2Cmclics%2Fbuybox-layout%2B25349%2Cmclics%2Fmax-bid-capped%2B36383&rb=x,"1.099,90"
Microfones Sem Fio Profissional Recarregável Led Dinâmico ,https://click1.mercadolivre.com.br/mclics/clicks/external/MLB/count?a=Bo2utlPwxYISMJhKnOPXn3YMtfDQCwKgSyaRAqN4WP9rwx7aCdFuKYWbbA%2BEXqb%2FLnXnRqXxGPLzZUZ4Ti%2BVLcQQIKYfUfma4P6%2FvOiF1maL1mRyveVHASVoHFDpo056zRemSL%2FDZ5k4QCVK9R7wbSWU10sqvPZa7G6DUJzE%2Bxn%2BKEcdc5QOWdmb7w1Q272M7Tf4dASiw%2Fy0UJlmEB3gdmvB79ZC%2BpEWZZvBRWgd4aF7T0tMKhT1%2FQ1WBADMp%2BmsozELhuqYhjGRfpfH9it696NVppF7NjXXZij8uhrQa5XOV%2BagOObpeP88id5ExGGGfwokhRI0wPyQg7WZL0IQsobndYAhO02oXmYCXkqjZN6juwCZqhs%2BCl1v7BFdD%2FCOucXlKq1ky7Wy2QZB%2FlKHEUWO94%2BPXcSA0jjQ33QZcDXZQdSAy8EdGacV8YXt8K409yBjbmCSJaWT3LJfZXuQ7tzM1mZ22ksGQlj%2FkvQWQodjZgHvLQ73DdIInjdgoRKOLEqwk%2FG27LAL3VXvcY1NRAb8psU1RLCwEeaX4xfISOrnuC3I0SIMXPXkxqtlh72ZePAccJGDNYHUy6Qy8ukbkvqJuo%2FDuZ9%2BmUkAoa9%2BjC03tRpFTnfWATQ2llegSRYZCRQI7%2Bm2Q0vcSaRpNWLG1bEHf0LRekuBpPKrWDJ4%2BWcPKJPabz%2BlLoC4tbRol0IEB4FrZGy6ds4V8BabDEPuhD%2B4apc%3D&e=mclics%2Fpseudo-search-pads-buybox%2B7708%2Cmclics%2Fsearch-list-ad-algorithm%2BDEFAULT%2Cmclics%2Fbuybox-layout%2B25349%2Cmclics%2Fmax-bid-capped%2B36383&rb=x,"58,29"
Kit Microfone Rgb Gamer Usb Tomate + Suporte Mesa Articulado Cor Preto,https://www.mercadolivre.com.br/kit-microfone-rgb-gamer-usb-tomate-suporte-mesa-articulado-cor-preto/p/MLB25832581#searchVariation=MLB25832581&position=13&search_layout=stack&type=product&tracking_id=66f3923f-2597-4f6d-a6a5-95ec61c2b79e,"198,25"
Fone Sem Fio Bluetooth Compatível Apple iPhone Airpod Pro Cor Branco,https://www.mercadolivre.com.br/fone-sem-fio-bluetooth-compativel-apple-iphone-airpod-pro-cor-branco/p/MLB25585591#searchVariation=MLB25585591&position=1&search_layout=stack&type=product&tracking_id=66f3923f-2597-4f6d-a6a5-95ec61c2b79e,"18,39"
Microfone Dinâmico Profissional Para Podcast Fifine K688,https://www.mercadolivre.com.br/microfone-dinmico-profissional-para-podcast-fifine-k688/p/MLB21884367#searchVariation=MLB21884367&position=7&search_layout=stack&type=product&tracking_id=66f3923f-2597-4f6d-a6a5-95ec61c2b79e,"499,10"
Microfone Condensador Pop Filter Aranha Com Braço Articulado,https://www.mercadolivre.com.br/microfone-condensador-pop-filter-aranha-com-braco-articulado/p/MLB27641934#searchVariation=MLB27641934&position=3&search_layout=stack&type=product&tracking_id=66f3923f-2597-4f6d-a6a5-95ec61c2b79e,"69,50"
Microfone TSI 2400SW,https://www.mercadolivre.com.br/microfone-tsi-2400sw/p/MLB9318828#searchVariation=MLB9318828&position=12&search_layout=stack&type=product&tracking_id=66f3923f-2597-4f6d-a6a5-95ec61c2b79e,"168,60"
Microfone Fifine Ampligame Condensador Cardioide A8 Preto,https://produto.mercadolivre.com.br/MLB-3635835071-microfone-fifine-ampligame-condensador-cardioide-a8-preto-_JM#position=52&search_layout=stack&type=item&tracking_id=66f3923f-2597-4f6d-a6a5-95ec61c2b79e,"265,50"
"Fones de ouvido Jbl Wave Buds Tws Fones de ouvido intraaurais True Wi-Fi, cor branca",https://www.mercadolivre.com.br/fones-de-ouvido-jbl-wave-buds-tws-fones-de-ouvido-intraaurais-true-wi-fi-cor-branca/p/MLB34592715#searchVariation=MLB34592715&position=6&search_layout=stack&type=product&tracking_id=66f3923f-2597-4f6d-a6a5-95ec61c2b79e,"247,01"
Microfone Tomate MT-2205 Dinâmico caixa cor preto,https://www.mercadolivre.com.br/microfone-tomate-mt-2205-dinmico-caixa-cor-preto/p/MLB15763266#searchVariation=MLB15763266&position=2&search_layout=stack&type=product&tracking_id=66f3923f-2597-4f6d-a6a5-95ec61c2b79e,"77,48"
Microfone Sem Fio Duplo Lapela Profissional Android iPhone ,https://click1.mercadolivre.com.br/mclics/clicks/external/MLB/count?a=F%2FCVmGO4rj1ILA%2BOti4x4Gf141HVvWoq3bBG%2BCUKxq28S8oy%2BkZdCd%2BvGZxkgu%2FguWba1bQvf4mBMLxmP94oQJKnvgt70lOVgiAwjzwtAUaAk82w5YoYnSZjLId1iR7bMiFxJdrNmf7zKJG4apqTCPOz7lEfCcyV%2BLKXW3zWfQdLD0kwUi%2F9gmdfHCZZ2A8N1H7qnHcSGgF1YEjlDK6zUS7MWe%2FJttH0AJyX7e%2B7AZrovTX%2B2FkQmpLdWMGXNE1JjGNITk7WVmxcSJuC0axak79xUXQhURLwfhfZjug1VaD0kvh0Rn3fM1%2FROBd3af2nGPtDsOJ3fccsHYGxcrzQ0v5G2B8pWXW7ClYIbLFOUhtYIz9oCyzolEqPg4XSoHlkkfo559ED%2FseDPC%2F0R7WmuYyQ05BflHuC94%2FUcsaLsdv8YwsHjwECZ%2FMCI8JoTfjezMK14FKnMOA56ZYWxsADRT%2BK2ZrZYxKPHfbztuxm5b13vSk%2B7swo1MAqyyepYSyo5wBvHAu0VXDwaFf9QjAUPkp5K8t3dGBdoaf%2FJovFrGMuDhhaVG5MtnvgDmsJi6Rt4NqA8VA642z1uq0MekH8QitECmJdm0QS9Zi1lfuRK75BXhXxMbLVvwVpSWz5u6cJXtj5joZIi1ym19kW5KBXuQstvjftMXoY9wun4BZSNbFyPsfh2HEqGANDitpzGcK9kfbeRoc9gtfR2T4n5mcIz0Ckj73m&e=mclics%2Fpseudo-search-pads-buybox%2B7708%2Cmclics%2Fsearch-list-ad-algorithm%2BDEFAULT%2Cmclics%2Fbuybox-layout%2B25349%2Cmclics%2Fmax-bid-capped%2B36383&rb=x,"69,90"
"Webcam Home Ofice ! Microfone ! Teans, Zoom, Meet, Hangouts!",https://click1.mercadolivre.com.br/mclics/clicks/external/MLB/count?a=jDTXCGk5FlSVKvjzGZ5ZVrgWqgQGmqQIchLGTgwb%2BWgywtDe%2BqiORcI4VQR5XAteeGZU%2B3f3dhbp1MRT9GeWhfzcIZxeY71ja1DFJAdtzP0mOMYc5NKm69pt4w9h%2B3IEhxuXaL%2BcIIuCoMnQkSFsJ5LAAS%2B8JynQDLC7MYw4AiC4IYXoB1e9ZU8RBTjVM1Nh8zmkpyT3xgJQ%2Fupm%2BVIlor3wCAK%2F44GQgrtgusgnLfrcch4TmNWus4USzPRgCL0jF8RRZgwFTortD4J6Zqqbl7ggoqTgrNAqZgjYX5hYSbDZ5RIDCgEWzQVL3irBIRFSl%2FsuxS0VpOQtZwEOoMxekPI%2BmBpie4myJZhdg9qmG2Dk%2BkTAoxJH8jKH7n2hb2Tfh3NEGvWOL7cUp9plZVxlB7tyrvY37LNsT%2FzJkSWjEzTxxBpVzHJE7XGPOBPX6SJT2kY38YLNmEtc26YC1OQMTaHbvajV6BtK3iwUmqpcGebiw7beq%2Buc%2Fc1vcB2UGC0BiBhm5Yx%2B8DcnDtgmJLV7uKOG7lin55SqfNSGY5pSVsKOzhB%2FT2mKOTpZP5Wsg9%2BGM7dF8hnPt5%2BdkMt7549oRR7Xz9TUu8oGdpSuWA4cDGMhDwSClJReBhnU2jZ5qiXFXAUCPvebWpWcBKwOwiXcTDm4u6GSjDei5LPjWd1yzt3i3UzvaZTW2%2BPJIxHZkVXs5qFWzUDvRUluu1TF9HDmvvo%3D&e=mclics%2Fpseudo-search-pads-buybox%2B7708%2Cmclics%2Fsearch-list-ad-algorithm%2BDEFAULT%2Cmclics%2Fbuybox-layout%2B25349%2Cmclics%2Fmax-bid-capped%2B36383&rb=x,"57,33"
Microfone Digital Profissional Sem Fio Wireless Igreja Cor Preto,https://www.mercadolivre.com.br/microfone-digital-profissional-sem-fio-wireless-igreja-cor-preto/p/MLB23756552#searchVariation=MLB23756552&position=18&search_layout=stack&type=product&tracking_id=66f3923f-2597-4f6d-a6a5-95ec61c2b79e,"117,37"
Kit Microfone Duplo Profissional Sem Fio Mt-2210 Cor Preto Voz Perfeita,https://www.mercadolivre.com.br/kit-microfone-duplo-profissional-sem-fio-mt-2210-cor-preto-voz-perfeita/p/MLB23156963#searchVariation=MLB23156963&position=23&search_layout=stack&type=product&tracking_id=66f3923f-2597-4f6d-a6a5-95ec61c2b79e,"341,06"
"Webcam Home Ofice ! Microfone ! Teans, Zoom, Meet, Hangouts!",https://produto.mercadolivre.com.br/MLB-1863612368-webcam-home-ofice-microfone-teans-zoom-meet-hangouts-_JM#position=53&search_layout=stack&type=item&tracking_id=66f3923f-2597-4f6d-a6a5-95ec61c2b79e,"57,33"
Microfone Fifine XLR AM8 Dinâmico Cardioide cor preto,https://www.mercadolivre.com.br/microfone-fifine-xlr-am8-dinmico-cardioide-cor-preto/p/MLB24285347#searchVariation=MLB24285347&position=26&search_layout=stack&type=product&tracking_id=66f3923f-2597-4f6d-a6a5-95ec61c2b79e,"369,90"
Microfone Profissional Sem Fio Sennheiser Ew135 G4 Cor Preto/Branco,https://www.mercadolivre.com.br/microfone-profissional-sem-fio-sennheiser-ew135-g4-cor-pretobranco/p/MLB26391984#searchVariation=MLB26391984&position=31&search_layout=stack&type=product&tracking_id=66f3923f-2597-4f6d-a6a5-95ec61c2b79e,"1.023,30"
"Microfone de Lapela Sem Fio Duplo Hollyland Lark M1 Duo Anti-Ruído Compatível com Câmera, iPhone, Android, PC",https://www.mercadolivre.com.br/microfone-de-lapela-sem-fio-duplo-hollyland-lark-m1-duo-anti-ruido-compativel-com-cmera-iphone-android-pc/p/MLB20242704#searchVariation=MLB20242704&position=36&search_layout=stack&type=product&tracking_id=66f3923f-2597-4f6d-a6a5-95ec61c2b79e,920
Microfone Sem Fio P Instrumento De Sopro Portatil Sax Etc Cor Preto,https://www.mercadolivre.com.br/microfone-sem-fio-p-instrumento-de-sopro-portatil-sax-etc-cor-preto/p/MLB21884388#searchVariation=MLB21884388&position=14&search_layout=stack&type=product&tracking_id=66f3923f-2597-4f6d-a6a5-95ec61c2b79e,"267,89"
Microfone HyperX QuadCast,https://www.mercadolivre.com.br/microfone-hyperx-quadcast/p/MLB15160609#searchVariation=MLB15160609&position=22&search_layout=stack&type=product&tracking_id=66f3923f-2597-4f6d-a6a5-95ec61c2b79e,"684,40"
Microfone De Conferência Cmteck Cm003 Usb Computer Desktop M Cor Preto,https://www.mercadolivre.com.br/microfone-de-conferncia-cmteck-cm003-usb-computer-desktop-m-cor-preto/p/MLB20319104#searchVariation=MLB20319104&position=17&search_layout=stack&type=product&tracking_id=66f3923f-2597-4f6d-a6a5-95ec61c2b79e,"269,90"
Microfone Akg Hm1000 + Capsula Ck 31,https://www.mercadolivre.com.br/microfone-akg-hm1000-capsula-ck-31/p/MLB23156208#searchVariation=MLB23156208&position=24&search_layout=stack&type=product&tracking_id=66f3923f-2597-4f6d-a6a5-95ec61c2b79e,"799,90"
Microfone Ew135g4 Dupla Cor Preto,https://www.mercadolivre.com.br/microfone-ew135g4-dupla-cor-preto/p/MLB20796713#searchVariation=MLB20796713&position=21&search_layout=stack&type=product&tracking_id=66f3923f-2597-4f6d-a6a5-95ec61c2b79e,1.140
"Microfone Dinâmico Fifine K688, Usb, Xlr, Gravação, Podcast",https://www.mercadolivre.com.br/microfone-dinmico-fifine-k688-usb-xlr-gravaco-podcast/p/MLB25832574#searchVariation=MLB25832574&position=27&search_layout=stack&type=product&tracking_id=66f3923f-2597-4f6d-a6a5-95ec61c2b79e,"579,90"
Kz Edx Pro Sem Microfone Intrauricular Retorno De Palco,https://www.mercadolivre.com.br/kz-edx-pro-sem-microfone-intrauricular-retorno-de-palco/p/MLB23176158#searchVariation=MLB23176158&position=29&search_layout=stack&type=product&tracking_id=66f3923f-2597-4f6d-a6a5-95ec61c2b79e,"59,28"
Microfone Fifine K669B Condensador Cardioide cor preto,https://www.mercadolivre.com.br/microfone-fifine-k669b-condensador-cardioide-cor-preto/p/MLB17469532#searchVariation=MLB17469532&position=33&search_layout=stack&type=product&tracking_id=66f3923f-2597-4f6d-a6a5-95ec61c2b79e,170
Microfone Condensador Usb Tomate Mtg-021 Mt-021 Cor Preto,https://www.mercadolivre.com.br/microfone-condensador-usb-tomate-mtg-021-mt-021-cor-preto/p/MLB19727191#searchVariation=MLB19727191&position=25&search_layout=stack&type=product&tracking_id=66f3923f-2597-4f6d-a6a5-95ec61c2b79e,"39,99"
Microfone Duplo Profissional Sennheiser Ew 135 G4,https://produto.mercadolivre.com.br/MLB-3635926525-microfone-duplo-profissional-sennheiser-ew-135-g4-_JM#position=54&search_layout=stack&type=item&tracking_id=66f3923f-2597-4f6d-a6a5-95ec61c2b79e,"1.099,90"
Cabo Adaptador P2 Áudio Fone P/ iPhone 11 12 13 Pro Max Cor Branco,https://www.mercadolivre.com.br/cabo-adaptador-p2-audio-fone-p-iphone-11-12-13-pro-max-cor-branco/p/MLB21532248#searchVariation=MLB21532248&position=32&search_layout=stack&type=product&tracking_id=66f3923f-2597-4f6d-a6a5-95ec61c2b79e,"16,28"
Microfone Profissional Wireless Lapela Headset Sem Fio,https://www.mercadolivre.com.br/microfone-profissional-wireless-lapela-headset-sem-fio/p/MLB20639302#searchVariation=MLB20639302&position=37&search_layout=stack&type=product&tracking_id=66f3923f-2597-4f6d-a6a5-95ec61c2b79e,"132,83"
Microfone Sem Fio Wireless  Duplo Profissional,https://www.mercadolivre.com.br/microfone-sem-fio-wireless-duplo-profissional/p/MLB21953083#searchVariation=MLB21953083&position=28&search_layout=stack&type=product&tracking_id=66f3923f-2597-4f6d-a6a5-95ec61c2b79e,"339,87"
Microfone Profissional Sem Fio Para Igrejas Musicas Eventos Cor Preto,https://www.mercadolivre.com.br/microfone-profissional-sem-fio-para-igrejas-musicas-eventos-cor-preto/p/MLB19755399#searchVariation=MLB19755399&position=35&search_layout=stack&type=product&tracking_id=66f3923f-2597-4f6d-a6a5-95ec61c2b79e,"102,91"
Microfone Leson Mc-200 Dinamico Profissional Preto Brilhante,https://www.mercadolivre.com.br/microfone-leson-mc-200-dinamico-profissional-preto-brilhante/p/MLB23156965#searchVariation=MLB23156965&position=38&search_layout=stack&type=product&tracking_id=66f3923f-2597-4f6d-a6a5-95ec61c2b79e,"114,08"
Microfone Sem Fio Bluetooth Usb Tf Karaokê Youtuber Reporter Cor Rosa,https://www.mercadolivre.com.br/microfone-sem-fio-bluetooth-usb-tf-karaok-youtuber-reporter-cor-rosa/p/MLB25860840#searchVariation=MLB25860840&position=30&search_layout=stack&type=product&tracking_id=66f3923f-2597-4f6d-a6a5-95ec61c2b79e,"28,61"
Microfone De Mão Lyco Uh08mm Sem Fio Sistema Duplo Cor Preto,https://www.mercadolivre.com.br/microfone-de-mo-lyco-uh08mm-sem-fio-sistema-duplo-cor-preto/p/MLB28670535#searchVariation=MLB28670535&position=39&search_layout=stack&type=product&tracking_id=66f3923f-2597-4f6d-a6a5-95ec61c2b79e,"515,98"
Microfone Audio-Technica AT2020 Condensador Cardioide cor preto,https://www.mercadolivre.com.br/microfone-audio-technica-at2020-condensador-cardioide-cor-preto/p/MLB15075050#searchVariation=MLB15075050&position=43&search_layout=stack&type=product&tracking_id=66f3923f-2597-4f6d-a6a5-95ec61c2b79e,"707,70"
Microfone Santo Angelo SAS 58C Dinâmico Cardioide cor preto/prateado,https://www.mercadolivre.com.br/microfone-santo-angelo-sas-58c-dinmico-cardioide-cor-pretoprateado/p/MLB15983766#searchVariation=MLB15983766&position=34&search_layout=stack&type=product&tracking_id=66f3923f-2597-4f6d-a6a5-95ec61c2b79e,"142,90"
Microfone Para Vocal Shure Sv200 Cor Preto,https://www.mercadolivre.com.br/microfone-para-vocal-shure-sv200-cor-preto/p/MLB18302793#searchVariation=MLB18302793&position=41&search_layout=stack&type=product&tracking_id=66f3923f-2597-4f6d-a6a5-95ec61c2b79e,"358,64"
Fone De Ouvido Qcy T13 Com 4 Microfones E Bluetooth 5.1 Cor Preto,https://www.mercadolivre.com.br/fone-de-ouvido-qcy-t13-com-4-microfones-e-bluetooth-51-cor-preto/p/MLB19037261#searchVariation=MLB19037261&position=40&search_layout=stack&type=product&tracking_id=66f3923f-2597-4f6d-a6a5-95ec61c2b79e,"179,10"
Microfone Profissional De Mão Alta Qualidade 5 Metros De Fio Cor Preto,https://www.mercadolivre.com.br/microfone-profissional-de-mo-alta-qualidade-5-metros-de-fio-cor-preto/p/MLB24885210#searchVariation=MLB24885210&position=42&search_layout=stack&type=product&tracking_id=66f3923f-2597-4f6d-a6a5-95ec61c2b79e,"42,87"
Kit 2 Microfone Profissional + Cabo 4m Lelong Le-904 Cor Preto,https://www.mercadolivre.com.br/kit-2-microfone-profissional-cabo-4m-lelong-le-904-cor-preto/p/MLB19745612#searchVariation=MLB19745612&position=44&search_layout=stack&type=product&tracking_id=66f3923f-2597-4f6d-a6a5-95ec61c2b79e,"63,12"
Microfone Sennheiser XS 1 Dinâmico Cardioide cor preto,https://www.mercadolivre.com.br/microfone-sennheiser-xs-1-dinmico-cardioide-cor-preto/p/MLB16280143#searchVariation=MLB16280143&position=45&search_layout=stack&type=product&tracking_id=66f3923f-2597-4f6d-a6a5-95ec61c2b79e,"322,22"
Kit C/ 3un Cabo Microfone Cannon Xlr C/ 5 Metros,https://www.mercadolivre.com.br/kit-c-3un-cabo-microfone-cannon-xlr-c-5-metros/p/MLB23159884#searchVariation=MLB23159884&position=46&search_layout=stack&type=product&tracking_id=66f3923f-2597-4f6d-a6a5-95ec61c2b79e,"98,48"
Microfones Karsect KRD-200DM Dinâmico Cardioide,https://www.mercadolivre.com.br/microfones-karsect-krd-200dm-dinmico-cardioide/p/MLB14949521#searchVariation=MLB14949521&position=47&search_layout=stack&type=product&tracking_id=66f3923f-2597-4f6d-a6a5-95ec61c2b79e,"504,40"
Microfone Profissional Duplo De Mão S/ Fio Uhf Longo Alcance Cor Preto,https://www.mercadolivre.com.br/microfone-profissional-duplo-de-mo-s-fio-uhf-longo-alcance-cor-preto/p/MLB22031190#searchVariation=MLB22031190&position=48&search_layout=stack&type=product&tracking_id=66f3923f-2597-4f6d-a6a5-95ec61c2b79e,"358,99"
Microfone Condensador Com Tripé B-max,https://www.mercadolivre.com.br/microfone-condensador-com-tripe-b-max/p/MLB19896053#searchVariation=MLB19896053&position=49&search_layout=stack&type=product&tracking_id=66f3923f-2597-4f6d-a6a5-95ec61c2b79e,"42,90"
